{"aphia_ids": null, "filenames": ["/home/se1131/docker/phyto-plankton-classification/data/images/Actinoptychus/ecotaxa_Actinoptychus_0C415579-5E23-4F81-838D-049F68E34294.jpg", "/home/se1131/docker/phyto-plankton-classification/data/images/Bacillariophyceae/ecotaxa_Bacillariophyceae_00A38A05-CCDE-4064-95E8-61B523946DB4.jpg", "/home/se1131/docker/phyto-plankton-classification/data/images/Ciliophora/ecotaxa_Ciliophora_0A735A41-35DC-4ADE-94D3-8B093EA290C6.jpg", "/home/se1131/docker/phyto-plankton-classification/data/images/Dinoflagellata/ecotaxa_Dinoflagellata_0C95B065-D758-4B94-BB78-DD92B5CDD49C.jpg", "/home/se1131/docker/phyto-plankton-classification/data/images/Dinoflagellata/ecotaxa_Dinoflagellata_0CCE620C-F12B-4021-9A12-BEBD265C30A0.jpg", "/home/se1131/docker/phyto-plankton-classification/data/images/Noctilucales/ecotaxa_Noctilucales_0A24AB3E-AEBC-4BCB-B453-FA36A42A2E17.jpg", "/home/se1131/docker/phyto-plankton-classification/data/images/Noctilucales/ecotaxa_Noctilucales_0A3697D6-6D3F-47D8-98B9-CF1B848DD661.jpg", "/home/se1131/docker/phyto-plankton-classification/data/images/Tripos/ecotaxa_Tripos_0D10125B-70A0-4C71-80E6-F5958EE91E60.jpg"], "pred_lab": [[0, 3, 1, 2, 4], [4, 2, 1, 0, 3], [2, 5, 1, 3, 4], [3, 4, 2, 1, 0], [3, 4, 2, 1, 0], [4, 5, 1, 0, 2], [4, 5, 1, 2, 3], [5, 1, 4, 3, 2]], "pred_lab_names": [["Actinoptychus", "Dinoflagellata", "Bacillariophyceae", "Ciliophora", "Noctilucales"], ["Noctilucales", "Ciliophora", "Bacillariophyceae", "Actinoptychus", "Dinoflagellata"], ["Ciliophora", "Tripos", "Bacillariophyceae", "Dinoflagellata", "Noctilucales"], ["Dinoflagellata", "Noctilucales", "Ciliophora", "Bacillariophyceae", "Actinoptychus"], ["Dinoflagellata", "Noctilucales", "Ciliophora", "Bacillariophyceae", "Actinoptychus"], ["Noctilucales", "Tripos", "Bacillariophyceae", "Actinoptychus", "Ciliophora"], ["Noctilucales", "Tripos", "Bacillariophyceae", "Ciliophora", "Dinoflagellata"], ["Tripos", "Bacillariophyceae", "Noctilucales", "Dinoflagellata", "Ciliophora"]], "pred_prob": [[0.17849192023277283, 0.16853098571300507, 0.16682597994804382, 0.1652984470129013, 0.1623905748128891], [0.17217516899108887, 0.17108748853206635, 0.16699090600013733, 0.1642986238002777, 0.16307474672794342], [0.1738002449274063, 0.1700582057237625, 0.1677999347448349, 0.1660689413547516, 0.16430531442165375], [0.17002178728580475, 0.16766180098056793, 0.16731701791286469, 0.16715197265148163, 0.16423572599887848], [0.16993941366672516, 0.16773869097232819, 0.1672854870557785, 0.1669323742389679, 0.16442254185676575], [0.22190651297569275, 0.18771791458129883, 0.1550857126712799, 0.15088261663913727, 0.14461444318294525], [0.21380683779716492, 0.20730161666870117, 0.17259536683559418, 0.1508958488702774, 0.13598941266536713], [0.9794007539749146, 0.016241442412137985, 0.003524209838360548, 0.0007178984233178198, 9.338148083770648e-05]], "true_lab": [0, 1, 2, 3, 3, 4, 4, 5], "true_lab_names": ["Actinoptychus", "Bacillariophyceae", "Ciliophora", "Dinoflagellata", "Dinoflagellata", "Noctilucales", "Noctilucales", "Tripos"]}