{
    "accuracy": [
        0.8729828596115112,
        0.9466515779495239,
        0.9628682732582092,
        0.9709368944168091,
        0.9790849089622498,
        0.9821974039077759,
        0.9837833642959595,
        0.9854089617729187,
        0.9878870844841003,
        0.9892946481704712,
        0.9961540102958679,
        0.9985726475715637,
        0.9990285634994507,
        0.9992862939834595,
        0.9993457794189453
    ],
    "epoch": [
        0,
        1,
        2,
        3,
        4,
        5,
        6,
        7,
        8,
        9,
        10,
        11,
        12,
        13,
        14
    ],
    "learning_rate": [
        0.0010000000474974513,
        0.0010000000474974513,
        0.0010000000474974513,
        0.0010000000474974513,
        0.0010000000474974513,
        0.0010000000474974513,
        0.0010000000474974513,
        0.0010000000474974513,
        0.0010000000474974513,
        0.0010000000474974513,
        0.00010000000474974513,
        0.00010000000474974513,
        0.00010000000474974513,
        1.0000000656873453e-05,
        1.0000000656873453e-05
    ],
    "loss": [
        0.4380730986595154,
        0.1712183654308319,
        0.11487994343042374,
        0.08882581442594528,
        0.06552693247795105,
        0.054426178336143494,
        0.04918771609663963,
        0.04388871788978577,
        0.03679519146680832,
        0.031961772590875626,
        0.011706288903951645,
        0.005018788389861584,
        0.003537319600582123,
        0.0026891520246863365,
        0.0026945965364575386
    ],
    "lr": [
        0.0010000000474974513,
        0.0010000000474974513,
        0.0010000000474974513,
        0.0010000000474974513,
        0.0010000000474974513,
        0.0010000000474974513,
        0.0010000000474974513,
        0.0010000000474974513,
        0.0010000000474974513,
        0.0010000000474974513,
        0.00010000000474974513,
        0.00010000000474974513,
        0.00010000000474974513,
        1.0000000656873453e-05,
        1.0000000656873453e-05
    ],
    "timestamp": "2025-10-21_154558",
    "training time (s)": 21239.57,
    "val_accuracy": [
        0.19297416508197784,
        0.005356017500162125,
        0.6989603042602539,
        0.018588531762361526,
        0.15406426787376404,
        0.011342154815793037,
        0.19880276918411255,
        0.097353495657444,
        0.1780088245868683,
        0.005986137315630913,
        0.9795210957527161,
        0.9781033396720886,
        0.9826716780662537,
        0.9833018183708191,
        0.9834593534469604
    ],
    "val_loss": [
        4.537142276763916,
        10.330768585205078,
        1.006740927696228,
        11.116914749145508,
        4.3737359046936035,
        11.401755332946777,
        11.306329727172852,
        6.864891529083252,
        4.744510650634766,
        9.65054702758789,
        0.07622318714857101,
        0.08119906485080719,
        0.07423454523086548,
        0.07546769827604294,
        0.07547517865896225
    ]
}