{
    "accuracy": [
        0.24390244483947754,
        0.40243902802467346,
        0.2804878056049347
    ],
    "epoch": [
        0,
        1,
        2
    ],
    "learning_rate": [
        0.0010000000474974513,
        0.0010000000474974513,
        0.00010000000474974513
    ],
    "loss": [
        2.21262788772583,
        1.786472201347351,
        1.7684929370880127
    ],
    "lr": [
        0.0010000000474974513,
        0.0010000000474974513,
        0.00010000000474974513
    ],
    "timestamp": "2025-04-11_220256",
    "training time (s)": 31.19,
    "val_accuracy": [
        0.4000000059604645,
        0.3333333432674408,
        0.3333333432674408
    ],
    "val_loss": [
        2.2612712383270264,
        1.9068015813827515,
        1.664093255996704
    ]
}