{
    "accuracy": [
        0.7113510370254517,
        0.8041182160377502,
        0.8306236863136292,
        0.8471001982688904,
        0.860695481300354,
        0.8704577684402466,
        0.8810310363769531,
        0.8888415694236755,
        0.8966298699378967,
        0.9040848612785339,
        0.9095363020896912,
        0.9170987606048584,
        0.9223242998123169,
        0.9277349710464478,
        0.9638249278068542,
        0.9762906432151794,
        0.9807310700416565,
        0.983690083026886,
        0.9864121079444885,
        0.986782431602478
    ],
    "epoch": [
        0,
        1,
        2,
        3,
        4,
        5,
        6,
        7,
        8,
        9,
        10,
        11,
        12,
        13,
        14,
        15,
        16,
        17,
        18,
        19
    ],
    "learning_rate": [
        0.0010000000474974513,
        0.0010000000474974513,
        0.0010000000474974513,
        0.0010000000474974513,
        0.0010000000474974513,
        0.0010000000474974513,
        0.0010000000474974513,
        0.0010000000474974513,
        0.0010000000474974513,
        0.0010000000474974513,
        0.0010000000474974513,
        0.0010000000474974513,
        0.0010000000474974513,
        0.0010000000474974513,
        0.00010000000474974513,
        0.00010000000474974513,
        0.00010000000474974513,
        0.00010000000474974513,
        1.0000000656873453e-05,
        1.0000000656873453e-05
    ],
    "loss": [
        0.9746003746986389,
        0.6278236508369446,
        0.5321575999259949,
        0.4745176136493683,
        0.42781877517700195,
        0.39222779870033264,
        0.35627618432044983,
        0.3292606472969055,
        0.30379000306129456,
        0.2793614864349365,
        0.26123255491256714,
        0.2372104525566101,
        0.2225579470396042,
        0.20593838393688202,
        0.10310961306095123,
        0.0696040615439415,
        0.05674630030989647,
        0.04876957833766937,
        0.042312175035476685,
        0.040896911174058914
    ],
    "lr": [
        0.0010000000474974513,
        0.0010000000474974513,
        0.0010000000474974513,
        0.0010000000474974513,
        0.0010000000474974513,
        0.0010000000474974513,
        0.0010000000474974513,
        0.0010000000474974513,
        0.0010000000474974513,
        0.0010000000474974513,
        0.0010000000474974513,
        0.0010000000474974513,
        0.0010000000474974513,
        0.0010000000474974513,
        0.00010000000474974513,
        0.00010000000474974513,
        0.00010000000474974513,
        0.00010000000474974513,
        1.0000000656873453e-05,
        1.0000000656873453e-05
    ],
    "timestamp": "2025-05-19_093602",
    "training time (s)": 92746.01,
    "val_accuracy": [
        0.027136480435729027,
        0.026486150920391083,
        0.03024032711982727,
        0.02657483145594597,
        0.5746844410896301,
        0.1993555873632431,
        0.09621921926736832,
        0.065003402531147,
        0.7094504833221436,
        0.0724230706691742,
        0.2361287623643875,
        0.1999763548374176,
        0.20715953409671783,
        0.21676668524742126,
        0.8433592319488525,
        0.862484872341156,
        0.8590558171272278,
        0.8550947308540344,
        0.8651452660560608,
        0.8654409050941467
    ],
    "val_loss": [
        13.975595474243164,
        22.786806106567383,
        13.506958961486816,
        18.989471435546875,
        1.7553513050079346,
        4.711513519287109,
        7.123003005981445,
        13.290970802307129,
        1.2216074466705322,
        11.51480770111084,
        5.069969654083252,
        7.87679386138916,
        7.1646809577941895,
        6.502227306365967,
        0.7067652344703674,
        0.6390662789344788,
        0.6708914637565613,
        0.7222849726676941,
        0.6707371473312378,
        0.6809284687042236
    ]
}