{"aphia_ids": null, "filenames": ["/home/se1131/docker/phyto-plankton-classification/data/images/Actinoptychus/ecotaxa_Actinoptychus_0C415579-5E23-4F81-838D-049F68E34294.jpg", "/home/se1131/docker/phyto-plankton-classification/data/images/Bacillariophyceae/ecotaxa_Bacillariophyceae_00A38A05-CCDE-4064-95E8-61B523946DB4.jpg", "/home/se1131/docker/phyto-plankton-classification/data/images/Ciliophora/ecotaxa_Ciliophora_0A735A41-35DC-4ADE-94D3-8B093EA290C6.jpg", "/home/se1131/docker/phyto-plankton-classification/data/images/Dinoflagellata/ecotaxa_Dinoflagellata_0C95B065-D758-4B94-BB78-DD92B5CDD49C.jpg", "/home/se1131/docker/phyto-plankton-classification/data/images/Dinoflagellata/ecotaxa_Dinoflagellata_0CCE620C-F12B-4021-9A12-BEBD265C30A0.jpg", "/home/se1131/docker/phyto-plankton-classification/data/images/Noctilucales/ecotaxa_Noctilucales_0A24AB3E-AEBC-4BCB-B453-FA36A42A2E17.jpg", "/home/se1131/docker/phyto-plankton-classification/data/images/Noctilucales/ecotaxa_Noctilucales_0A3697D6-6D3F-47D8-98B9-CF1B848DD661.jpg", "/home/se1131/docker/phyto-plankton-classification/data/images/Tripos/ecotaxa_Tripos_0D10125B-70A0-4C71-80E6-F5958EE91E60.jpg"], "pred_lab": [[0, 5, 4, 3, 2], [0, 5, 2, 1, 4], [0, 2, 5, 3, 1], [0, 3, 2, 5, 4], [0, 3, 2, 5, 4], [4, 0, 2, 5, 1], [0, 4, 2, 5, 1], [0, 5, 4, 2, 1]], "pred_lab_names": [["Actinoptychus", "Tripos", "Noctilucales", "Dinoflagellata", "Ciliophora"], ["Actinoptychus", "Tripos", "Ciliophora", "Bacillariophyceae", "Noctilucales"], ["Actinoptychus", "Ciliophora", "Tripos", "Dinoflagellata", "Bacillariophyceae"], ["Actinoptychus", "Dinoflagellata", "Ciliophora", "Tripos", "Noctilucales"], ["Actinoptychus", "Dinoflagellata", "Ciliophora", "Tripos", "Noctilucales"], ["Noctilucales", "Actinoptychus", "Ciliophora", "Tripos", "Bacillariophyceae"], ["Actinoptychus", "Noctilucales", "Ciliophora", "Tripos", "Bacillariophyceae"], ["Actinoptychus", "Tripos", "Noctilucales", "Ciliophora", "Bacillariophyceae"]], "pred_prob": [[1.0, 5.04470217769365e-13, 7.902662390853275e-15, 5.355803725049044e-15, 3.2164483750041217e-15], [0.9999996423721313, 2.0539337697300653e-07, 1.5987913570825185e-07, 4.291103028464249e-09, 2.110651431408428e-09], [0.9717894792556763, 0.0252157561480999, 0.002452325541526079, 0.00033310448634438217, 0.0001268664054805413], [0.9096294641494751, 0.08727727085351944, 0.0021543933544307947, 0.000766199897043407, 0.00016840956232044846], [0.9192994236946106, 0.0790790393948555, 0.001209757407195866, 0.0003637128684204072, 4.768906728713773e-05], [0.8753253221511841, 0.06672333925962448, 0.02530147135257721, 0.019758397713303566, 0.007181980647146702], [0.9680413007736206, 0.020202474668622017, 0.011280395090579987, 0.0004492590087465942, 2.458670860505663e-05], [0.8193602561950684, 0.128517746925354, 0.03973475471138954, 0.010987110435962677, 0.001170987612567842]], "true_lab": [0, 1, 2, 3, 3, 4, 4, 5], "true_lab_names": ["Actinoptychus", "Bacillariophyceae", "Ciliophora", "Dinoflagellata", "Dinoflagellata", "Noctilucales", "Noctilucales", "Tripos"]}