{
    "accuracy": [
        0.5243902206420898,
        0.792682945728302,
        0.7439024448394775
    ],
    "epoch": [
        0,
        1,
        2
    ],
    "learning_rate": [
        0.0010000000474974513,
        0.0010000000474974513,
        0.00010000000474974513
    ],
    "loss": [
        1.5293214321136475,
        1.100972294807434,
        0.8820924758911133
    ],
    "lr": [
        0.0010000000474974513,
        0.0010000000474974513,
        0.00010000000474974513
    ],
    "timestamp": "2025-04-11_222807",
    "training time (s)": 31.56,
    "val_accuracy": [
        0.20000000298023224,
        0.20000000298023224,
        0.20000000298023224
    ],
    "val_loss": [
        2.287707567214966,
        7.504465579986572,
        7.839442729949951
    ]
}