{
    "accuracy": [
        0.7426225543022156,
        0.8354355096817017,
        0.8628761172294617,
        0.8810796737670898,
        0.8951415419578552,
        0.9076160788536072,
        0.9177837371826172,
        0.9277732968330383,
        0.9356606006622314,
        0.9433960914611816,
        0.9772653579711914,
        0.9895550608634949,
        0.9937429428100586,
        0.996155321598053,
        0.9965315461158752
    ],
    "epoch": [
        0,
        1,
        2,
        3,
        4,
        5,
        6,
        7,
        8,
        9,
        10,
        11,
        12,
        13,
        14
    ],
    "learning_rate": [
        0.0010000000474974513,
        0.0010000000474974513,
        0.0010000000474974513,
        0.0010000000474974513,
        0.0010000000474974513,
        0.0010000000474974513,
        0.0010000000474974513,
        0.0010000000474974513,
        0.0010000000474974513,
        0.0010000000474974513,
        0.00010000000474974513,
        0.00010000000474974513,
        0.00010000000474974513,
        1.0000000656873453e-05,
        1.0000000656873453e-05
    ],
    "loss": [
        0.8794107437133789,
        0.5239326357841492,
        0.4267973303794861,
        0.36220628023147583,
        0.31499379873275757,
        0.2743282914161682,
        0.2421531081199646,
        0.21150751411914825,
        0.1875939667224884,
        0.16471128165721893,
        0.0684734508395195,
        0.03342953696846962,
        0.020720157772302628,
        0.01386663131415844,
        0.0127478688955307
    ],
    "lr": [
        0.0010000000474974513,
        0.0010000000474974513,
        0.0010000000474974513,
        0.0010000000474974513,
        0.0010000000474974513,
        0.0010000000474974513,
        0.0010000000474974513,
        0.0010000000474974513,
        0.0010000000474974513,
        0.0010000000474974513,
        0.00010000000474974513,
        0.00010000000474974513,
        0.00010000000474974513,
        1.0000000656873453e-05,
        1.0000000656873453e-05
    ],
    "timestamp": "2025-04-10_155010",
    "training time (s)": 3005.95,
    "val_accuracy": [
        0.7805476784706116,
        0.8123801350593567,
        0.8184398412704468,
        0.815141499042511,
        0.8194369673728943,
        0.8234256505966187,
        0.8265705108642578,
        0.819743812084198,
        0.8146812915802002,
        0.8225818872451782,
        0.8447495698928833,
        0.8455166220664978,
        0.8432921767234802,
        0.8450563549995422,
        0.8455933332443237
    ],
    "val_loss": [
        0.7241597175598145,
        0.5992180109024048,
        0.5876073837280273,
        0.609440267086029,
        0.6174285411834717,
        0.6492002606391907,
        0.6353158950805664,
        0.6694257855415344,
        0.7241826057434082,
        0.7467043399810791,
        0.7677949070930481,
        0.8865290284156799,
        0.9944165945053101,
        1.0081697702407837,
        1.0219329595565796
    ]
}